age,workclass,education,education-num,marital-status,occupation,relationship,race,sex,capital-gain,capital-loss,hours-per-week,native-country,income >50K
39,State-gov,Bachelors,13,Never-married,Adm-clerical,Not-in-family,White,Male,2174,0,40,United-States,0
50,Self-emp-not-inc,Bachelors,13,Married-civ-spouse,Exec-managerial,Husband,White,Male,0,0,13,United-States,0
38,Private,HS-grad,9,Divorced,Handlers-cleaners,Not-in-family,White,Male,0,0,40,United-States,0
53,Private,11th,7,Married-civ-spouse,Handlers-cleaners,Husband,Black,Male,0,0,40,United-States,0
28,Private,Bachelors,13,Married-civ-spouse,Prof-specialty,Wife,Black,Female,0,0,40,Cuba,0
37,Private,Masters,14,Married-civ-spouse,Exec-managerial,Wife,White,Female,0,0,40,United-States,0
49,Private,9th,5,Married-spouse-absent,Other-service,Not-in-family,Black,Female,0,0,16,Jamaica,0
52,Self-emp-not-inc,HS-grad,9,Married-civ-spouse,Exec-managerial,Husband,White,Male,0,0,45,United-States,1
31,Private,Masters,14,Never-married,Prof-specialty,Not-in-family,White,Female,14084,0,50,United-States,1
42,Private,Bachelors,13,Married-civ-spouse,Exec-managerial,Husband,White,Male,5178,0,40,United-States,1
37,Private,Some-college,10,Married-civ-spouse,Exec-managerial,Husband,Black,Male,0,0,80,United-States,1
30,State-gov,Bachelors,13,Married-civ-spouse,Prof-specialty,Husband,Asian-Pac-Islander,Male,0,0,40,India,1
23,Private,Bachelors,13,Never-married,Adm-clerical,Own-child,White,Female,0,0,30,United-States,0
32,Private,Assoc-acdm,12,Never-married,Sales,Not-in-family,Black,Male,0,0,50,United-States,0
40,Private,Assoc-voc,11,Married-civ-spouse,Craft-repair,Husband,Asian-Pac-Islander,Male,0,0,40,,1
34,Private,7th-8th,4,Married-civ-spouse,Transport-moving,Husband,Amer-Indian-Eskimo,Male,0,0,45,Mexico,0
25,Self-emp-not-inc,HS-grad,9,Never-married,Farming-fishing,Own-child,White,Male,0,0,35,United-States,0
32,Private,HS-grad,9,Never-married,Machine-op-inspct,Unmarried,White,Male,0,0,40,United-States,0
38,Private,11th,7,Married-civ-spouse,Sales,Husband,White,Male,0,0,50,United-States,0
43,Self-emp-not-inc,Masters,14,Divorced,Exec-managerial,Unmarried,White,Female,0,0,45,United-States,1
40,Private,Doctorate,16,Married-civ-spouse,Prof-specialty,Husband,White,Male,0,0,60,United-States,1
54,Private,HS-grad,9,Separated,Other-service,Unmarried,Black,Female,0,0,20,United-States,0
35,Federal-gov,9th,5,Married-civ-spouse,Farming-fishing,Husband,Black,Male,0,0,40,United-States,0
43,Private,11th,7,Married-civ-spouse,Transport-moving,Husband,White,Male,0,2042,40,United-States,0
59,Private,HS-grad,9,Divorced,Tech-support,Unmarried,White,Female,0,0,40,United-States,0
56,Local-gov,Bachelors,13,Married-civ-spouse,Tech-support,Husband,White,Male,0,0,40,United-States,1
19,Private,HS-grad,9,Never-married,Craft-repair,Own-child,White,Male,0,0,40,United-States,0
54,,Some-college,10,Married-civ-spouse,,Husband,Asian-Pac-Islander,Male,0,0,60,South,1
39,Private,HS-grad,9,Divorced,Exec-managerial,Not-in-family,White,Male,0,0,80,United-States,0
49,Private,HS-grad,9,Married-civ-spouse,Craft-repair,Husband,White,Male,0,0,40,United-States,0
23,Local-gov,Assoc-acdm,12,Never-married,Protective-serv,Not-in-family,White,Male,0,0,52,United-States,0
20,Private,Some-college,10,Never-married,Sales,Own-child,Black,Male,0,0,44,United-States,0
45,Private,Bachelors,13,Divorced,Exec-managerial,Own-child,White,Male,0,1408,40,United-States,0
30,Federal-gov,Some-college,10,Married-civ-spouse,Adm-clerical,Own-child,White,Male,0,0,40,United-States,0
22,State-gov,Some-college,10,Married-civ-spouse,Other-service,Husband,Black,Male,0,0,15,United-States,0
48,Private,11th,7,Never-married,Machine-op-inspct,Unmarried,White,Male,0,0,40,Puerto-Rico,0
21,Private,Some-college,10,Never-married,Machine-op-inspct,Own-child,White,Male,0,0,40,United-States,0
19,Private,HS-grad,9,Married-AF-spouse,Adm-clerical,Wife,White,Female,0,0,25,United-States,0
31,Private,Some-college,10,Married-civ-spouse,Sales,Husband,White,Male,0,0,38,,1
48,Self-emp-not-inc,Assoc-acdm,12,Married-civ-spouse,Prof-specialty,Husband,White,Male,0,0,40,United-States,0
31,Private,9th,5,Married-civ-spouse,Machine-op-inspct,Husband,White,Male,0,0,43,United-States,0
53,Self-emp-not-inc,Bachelors,13,Married-civ-spouse,Prof-specialty,Husband,White,Male,0,0,40,United-States,0
24,Private,Bachelors,13,Married-civ-spouse,Tech-support,Husband,White,Male,0,0,50,United-States,0
49,Private,HS-grad,9,Separated,Adm-clerical,Unmarried,White,Female,0,0,40,United-States,0
25,Private,HS-grad,9,Never-married,Handlers-cleaners,Not-in-family,White,Male,0,0,35,United-States,0
57,Federal-gov,Bachelors,13,Married-civ-spouse,Prof-specialty,Husband,Black,Male,0,0,40,United-States,1
53,Private,HS-grad,9,Married-civ-spouse,Machine-op-inspct,Husband,White,Male,0,0,38,United-States,0
44,Private,Masters,14,Divorced,Exec-managerial,Unmarried,White,Female,0,0,40,United-States,0
41,State-gov,Assoc-voc,11,Married-civ-spouse,Craft-repair,Husband,White,Male,0,0,40,United-States,0
29,Private,Assoc-voc,11,Never-married,Prof-specialty,Not-in-family,White,Male,0,0,43,United-States,0
25,Private,Some-college,10,Married-civ-spouse,Exec-managerial,Wife,Other,Female,0,0,40,United-States,0
18,Private,HS-grad,9,Never-married,Other-service,Own-child,White,Female,0,0,30,,0
47,Private,Prof-school,15,Married-civ-spouse,Prof-specialty,Wife,White,Female,0,1902,60,Honduras,1
50,Federal-gov,Bachelors,13,Divorced,Exec-managerial,Not-in-family,White,Male,0,0,55,United-States,1
47,Self-emp-inc,HS-grad,9,Divorced,Exec-managerial,Not-in-family,White,Male,0,0,60,United-States,0
43,Private,Some-college,10,Married-civ-spouse,Tech-support,Husband,White,Male,0,0,40,United-States,1
46,Private,5th-6th,3,Married-civ-spouse,Machine-op-inspct,Husband,White,Male,0,0,40,Mexico,0
35,Private,Assoc-voc,11,Married-civ-spouse,Other-service,Husband,White,Male,0,0,40,Puerto-Rico,0
41,Private,HS-grad,9,Married-civ-spouse,Adm-clerical,Husband,White,Male,0,0,48,United-States,0
30,Private,HS-grad,9,Married-civ-spouse,Machine-op-inspct,Husband,White,Male,5013,0,40,United-States,0
30,Private,Bachelors,13,Married-civ-spouse,Sales,Husband,White,Male,2407,0,40,United-States,0
32,,7th-8th,4,Married-spouse-absent,,Not-in-family,White,Male,0,0,40,,0
48,Private,HS-grad,9,Married-civ-spouse,Transport-moving,Husband,White,Male,0,0,40,United-States,0
42,Private,Doctorate,16,Married-civ-spouse,Prof-specialty,Husband,White,Male,0,0,45,United-States,1
29,Private,Some-college,10,Divorced,Tech-support,Not-in-family,White,Male,0,0,58,United-States,0
36,Private,HS-grad,9,Married-civ-spouse,Craft-repair,Husband,White,Male,0,0,40,United-States,0
28,Private,Some-college,10,Divorced,Adm-clerical,Not-in-family,White,Female,0,0,40,United-States,0
53,Private,HS-grad,9,Married-civ-spouse,Adm-clerical,Wife,White,Female,0,0,40,United-States,1
49,Self-emp-inc,Some-college,10,Married-civ-spouse,Exec-managerial,Husband,White,Male,0,0,50,United-States,1
25,,Some-college,10,Never-married,,Own-child,White,Male,0,0,40,United-States,0
19,Private,Some-college,10,Never-married,Prof-specialty,Own-child,White,Male,0,0,32,United-States,0
31,Private,Bachelors,13,Separated,Sales,Own-child,Black,Female,0,0,40,United-States,0
29,Self-emp-not-inc,Bachelors,13,Married-civ-spouse,Sales,Husband,White,Male,0,0,70,United-States,1
23,Private,Some-college,10,Never-married,Machine-op-inspct,Not-in-family,White,Male,0,0,40,United-States,0
79,Private,Some-college,10,Married-civ-spouse,Prof-specialty,Other-relative,White,Male,0,0,20,United-States,0
27,Private,HS-grad,9,Never-married,Other-service,Own-child,White,Male,0,0,40,Mexico,0
40,Private,Assoc-acdm,12,Married-civ-spouse,Adm-clerical,Husband,White,Male,0,0,40,United-States,0
67,,10th,6,Married-civ-spouse,,Husband,White,Male,0,0,2,United-States,0
18,Private,11th,7,Never-married,Other-service,Own-child,White,Female,0,0,22,United-States,0
31,Local-gov,7th-8th,4,Married-civ-spouse,Farming-fishing,Husband,White,Male,0,0,40,United-States,0
18,Private,HS-grad,9,Never-married,Sales,Not-in-family,White,Male,0,0,30,United-States,0
52,Private,Bachelors,13,Married-civ-spouse,Other-service,Husband,White,Male,0,0,40,Cuba,0
46,Private,HS-grad,9,Married-civ-spouse,Other-service,Wife,White,Female,0,0,40,United-States,0
59,Private,HS-grad,9,Married-civ-spouse,Sales,Husband,White,Male,0,0,48,United-States,0
44,Private,HS-grad,9,Divorced,Craft-repair,Not-in-family,White,Female,14344,0,40,United-States,1
53,Private,HS-grad,9,Divorced,Sales,Own-child,White,Female,0,0,35,United-States,0
49,Local-gov,HS-grad,9,Married-civ-spouse,Protective-serv,Husband,White,Male,0,0,40,United-States,1
33,Private,Masters,14,Married-civ-spouse,Prof-specialty,Husband,White,Male,0,0,50,United-States,0
30,Private,9th,5,Never-married,Sales,Not-in-family,White,Male,0,0,40,United-States,0
43,Federal-gov,Doctorate,16,Never-married,Prof-specialty,Not-in-family,White,Female,0,0,50,United-States,1
57,Private,Assoc-voc,11,Married-civ-spouse,Prof-specialty,Husband,White,Male,0,0,40,United-States,0
37,Private,Some-college,10,Divorced,Craft-repair,Unmarried,White,Female,0,0,40,United-States,0
28,Private,Some-college,10,Divorced,Machine-op-inspct,Unmarried,Black,Female,0,0,25,United-States,0
30,Private,HS-grad,9,Married-civ-spouse,Sales,Wife,Asian-Pac-Islander,Female,0,1573,35,,0
34,Local-gov,Bachelors,13,Married-civ-spouse,Protective-serv,Husband,White,Male,0,0,40,United-States,1
29,Local-gov,Some-college,10,Never-married,Handlers-cleaners,Not-in-family,White,Male,0,0,50,United-States,0
48,Self-emp-not-inc,Doctorate,16,Married-civ-spouse,Prof-specialty,Husband,White,Male,0,1902,60,United-States,1
37,Private,Some-college,10,Married-civ-spouse,Sales,Husband,White,Male,0,0,48,United-States,1
48,Private,Assoc-acdm,12,Divorced,Exec-managerial,Unmarried,White,Female,0,0,40,England,0
32,Federal-gov,HS-grad,9,Never-married,Other-service,Own-child,Black,Male,0,0,40,United-States,0
76,Private,Masters,14,Married-civ-spouse,Exec-managerial,Husband,White,Male,0,0,40,United-States,1
44,Private,Bachelors,13,Married-civ-spouse,Exec-managerial,Husband,White,Male,15024,0,60,United-States,1
47,Self-emp-not-inc,Masters,14,Never-married,Prof-specialty,Not-in-family,White,Female,0,0,50,United-States,0
20,Private,Some-college,10,Never-married,Tech-support,Own-child,White,Female,0,0,40,United-States,0
29,Private,HS-grad,9,Never-married,Craft-repair,Not-in-family,White,Male,0,0,40,United-States,0
32,Self-emp-inc,HS-grad,9,Married-civ-spouse,Craft-repair,Husband,White,Male,7688,0,40,United-States,1
17,,10th,6,Never-married,,Own-child,White,Female,34095,0,32,United-States,0
30,Private,11th,7,Never-married,Handlers-cleaners,Own-child,White,Male,0,0,40,United-States,0
31,Local-gov,HS-grad,9,Never-married,Adm-clerical,Not-in-family,White,Female,0,0,40,United-States,0
42,Private,HS-grad,9,Married-civ-spouse,Handlers-cleaners,Husband,White,Male,0,0,40,United-States,0
24,Private,Bachelors,13,Never-married,Sales,Other-relative,White,Male,0,0,40,United-States,0
38,Private,Prof-school,15,Married-civ-spouse,Prof-specialty,Husband,White,Male,0,0,40,United-States,1
56,Self-emp-not-inc,HS-grad,9,Married-civ-spouse,Other-service,Husband,White,Male,0,1887,50,Canada,1
28,Private,Some-college,10,Married-civ-spouse,Sales,Wife,White,Female,4064,0,25,United-States,0
36,Private,HS-grad,9,Never-married,Machine-op-inspct,Own-child,White,Female,0,0,40,United-States,0
53,Private,9th,5,Married-civ-spouse,Handlers-cleaners,Husband,White,Male,0,0,50,United-States,0
56,Self-emp-inc,Some-college,10,Married-civ-spouse,Sales,Husband,White,Male,0,0,50,United-States,0
49,Local-gov,Assoc-voc,11,Married-civ-spouse,Craft-repair,Husband,Black,Male,0,0,40,United-States,1
55,Private,Some-college,10,Married-civ-spouse,Sales,Husband,White,Male,0,0,56,United-States,0
22,Private,HS-grad,9,Never-married,Craft-repair,Not-in-family,White,Male,0,0,41,United-States,0
21,Private,Some-college,10,Never-married,Other-service,Own-child,White,Female,0,0,40,United-States,0
40,Private,Bachelors,13,Married-civ-spouse,Exec-managerial,Husband,White,Male,0,0,60,United-States,0
30,Private,Bachelors,13,Never-married,Exec-managerial,Own-child,Black,Male,0,0,40,Germany,0
29,State-gov,Bachelors,13,Married-civ-spouse,Prof-specialty,Husband,White,Male,0,0,50,United-States,1
19,Private,Some-college,10,Never-married,Other-service,Own-child,Black,Male,0,0,35,United-States,0
47,Private,Bachelors,13,Married-civ-spouse,Exec-managerial,Wife,White,Female,0,0,40,United-States,1
20,Private,Some-college,10,Never-married,Adm-clerical,Own-child,White,Female,0,1719,28,United-States,0
31,Private,Assoc-acdm,12,Married-civ-spouse,Adm-clerical,Husband,White,Male,0,0,40,United-States,1
35,,HS-grad,9,Married-civ-spouse,,Husband,White,Male,0,0,40,United-States,0
39,Private,Some-college,10,Divorced,Craft-repair,Not-in-family,White,Male,0,0,40,United-States,0
28,Private,Assoc-acdm,12,Never-married,Sales,Not-in-family,White,Female,0,0,60,United-States,0
24,Private,HS-grad,9,Never-married,Other-service,Not-in-family,White,Female,0,1762,40,United-States,0
38,Self-emp-not-inc,HS-grad,9,Married-civ-spouse,Craft-repair,Husband,White,Male,4386,0,35,United-States,0
37,Private,Bachelors,13,Married-civ-spouse,Sales,Husband,White,Male,0,0,50,United-States,0
46,Private,Assoc-acdm,12,Divorced,Tech-support,Not-in-family,Black,Female,0,0,36,United-States,0
38,Federal-gov,Masters,14,Married-civ-spouse,Prof-specialty,Husband,White,Male,0,0,40,Iran,1
43,Self-emp-not-inc,HS-grad,9,Married-civ-spouse,Craft-repair,Husband,White,Male,0,0,60,United-States,0
27,Private,Assoc-voc,11,Married-civ-spouse,Adm-clerical,Wife,White,Female,0,0,35,United-States,0
20,Private,Some-college,10,Never-married,Sales,Own-child,White,Male,0,0,20,United-States,0
49,Private,Some-college,10,Married-civ-spouse,Craft-repair,Husband,Asian-Pac-Islander,Male,0,0,40,United-States,1
61,Self-emp-inc,HS-grad,9,Married-civ-spouse,Craft-repair,Husband,White,Male,0,0,40,United-States,0
27,Private,Some-college,10,Never-married,Sales,Own-child,White,Female,0,0,40,United-States,0
19,Private,Some-college,10,Never-married,Other-service,Own-child,White,Male,0,0,30,Mexico,0
45,Private,Assoc-voc,11,Never-married,Prof-specialty,Not-in-family,White,Female,0,1564,40,United-States,1
70,Private,Some-college,10,Never-married,Tech-support,Other-relative,White,Male,0,0,40,United-States,0
31,Private,HS-grad,9,Never-married,Transport-moving,Unmarried,Black,Female,0,0,30,United-States,0
22,Private,Some-college,10,Married-civ-spouse,Other-service,Husband,White,Male,0,0,24,United-States,0
36,Private,HS-grad,9,Widowed,Other-service,Unmarried,White,Female,0,0,24,United-States,0
64,Private,11th,7,Married-civ-spouse,Craft-repair,Husband,White,Male,0,2179,40,United-States,0