Country Name,2011,2012,2013,2014,2015
Arab World,2.242794831,2.152383964,2.0882829380000003,2.0500004819999997,2.02999099
Caribbean small states,0.6145973579999999,0.585947157,0.557090938,0.531885155,0.5148971379999999
Central Europe and the Baltics,-0.35369194200000004,-0.22915498399999998,-0.21320183,-0.209757193,-0.17154353100000003
Early-demographic dividend,1.507963432,1.476112296,1.4573987830000001,1.4389270719999998,1.4193355090000002
East Asia & Pacific,0.6575312529999999,0.66816931,0.6707206720000001,0.6733926090000001,0.66791909
East Asia & Pacific (excluding high income),0.703515597,0.71422795,0.719968203,0.7244115520000001,0.716282669
East Asia & Pacific (IDA & IBRD countries),0.705690137,0.7165002909999999,0.72231863,0.7269114040000001,0.7188374909999999
Euro area,0.237331746,-0.23113677100000002,0.771583514,-0.040787553,0.238599562
Europe & Central Asia,0.420505401,0.250235731,0.649445744,0.346851904,0.43765081100000003
Europe & Central Asia (excluding high income),0.582890314,0.593438723,0.642403375,0.629756911,0.575570336
Europe & Central Asia (IDA & IBRD countries),0.500414961,0.533852267,0.573645503,0.5601986529999999,0.515866289
European Union,0.220924867,-0.08466538,0.5845023420000001,0.057838104,0.260379602
Fragile and conflict affected situations,2.385358384,2.35255935,2.337926102,2.342776686,2.363819395
Heavily indebted poor countries (HIPC),2.81621663,2.807148745,2.795427368,2.7806141760000003,2.763231707
High income,0.5932667189999999,0.45193774299999995,0.71603484,0.48254561700000004,0.558394907
Late-demographic dividend,0.601751045,0.612173082,0.613577342,0.612241364,0.5979262160000001
Latin America & Caribbean,1.169966442,1.146409193,1.122216836,1.093131291,1.0655643320000001
Latin America & Caribbean (excluding high income),1.194509836,1.169675698,1.143781589,1.116566323,1.08849803
Latin America & the Caribbean (IDA & IBRD countries),1.205543107,1.180185714,1.154173947,1.1274162509999999,1.100166628
Least developed countries: UN classification,2.408004208,2.413409077,2.414675555,2.40548838,2.38884757
Low & middle income,1.323834914,1.322282272,1.321782679,1.316719872,1.303585191
Low income,2.7771474780000003,2.781823609,2.776103418,2.7575930769999997,2.730351185
Lower middle income,1.5284655740000002,1.496718112,1.4820227830000001,1.471615416,1.461425464
Middle East & North Africa,2.038604813,1.972824535,1.9198371580000002,1.876511539,1.840389558
Middle East & North Africa (excluding high income),1.80144888,1.78508612,1.77835397,1.7729126869999998,1.767801432
Middle East & North Africa (IDA & IBRD countries),1.787035164,1.770190445,1.763456127,1.758094475,1.7531581930000002
Middle income,1.16855008,1.1638522629999999,1.1613945559999999,1.1552783979999999,1.141192129
North America,0.788818824,0.806843282,0.782129608,0.815674725,0.7953461690000001
OECD members,0.6477493000000001,0.514287598,0.7769170329999999,0.5652040420000001,0.626923814
Other small states,2.306294245,2.0500905030000003,1.9291504030000002,1.8492287530000002,1.8015857240000002
Pacific island small states,1.285508277,1.256022169,1.228052074,1.205618525,1.186909649
Post-demographic dividend,0.42011887600000003,0.287312856,0.5901278320000001,0.35418470700000004,0.43905083100000003
Pre-demographic dividend,2.9513345,2.954322972,2.9483088060000004,2.926591725,2.8945242710000003
Small states,1.910844226,1.717428901,1.623258302,1.560175955,1.5227236430000002
South Asia,1.4244809930000002,1.4002385819999998,1.377519943,1.357967294,1.336820353
South Asia (IDA & IBRD),1.4244809930000002,1.4002385819999998,1.377519943,1.357967294,1.336820353
Sub-Saharan Africa,2.771676542,2.767997738,2.7596172739999996,2.746904808,2.730896719
Sub-Saharan Africa (excluding high income),2.772227897,2.768171293,2.759708285,2.747007048,2.7309989519999998
Sub-Saharan Africa (IDA & IBRD countries),2.771676542,2.767997738,2.7596172739999996,2.746904808,2.730896719
Upper middle income,0.776050122,0.798140607,0.8066867120000001,0.802973378,0.782182096
World,1.2020176390000001,1.1780311959999998,1.222106398,1.180142113,1.182417808
Afghanistan,2.983978666,3.135546164,3.1643362739999996,3.033472553,2.802986283
Albania,-0.283303108,-0.156175016,-0.12403184699999999,-0.103552395,-0.15518380699999998
Algeria,1.872060709,1.948088888,1.974814461,1.940399184,1.86309983
American Samoa,-0.5768276139999999,-0.16102334699999998,0.135711011,0.238404968,0.187434723
Andorra,-2.510551958,-3.7247101430000003,-4.3996839219999995,-4.19194055,-3.229397128
Angola,3.3474133000000004,3.331567413,3.306204563,3.2695524060000003,3.2265056569999997
Antigua and Barbuda,1.047989749,1.034875307,1.023163952,1.0117011409999999,1.004835565
Argentina,1.044287673,1.049809261,1.047065055,1.033055553,1.010993037
Armenia,0.151328197,0.34828281200000005,0.46404666,0.465529171,0.38374074700000005
Aruba,0.333115822,0.44731855200000004,0.5143352760000001,0.503969821,0.43216196100000004
Australia,1.389527316,1.722895219,1.69747275,1.488744923,1.342305215
Austria,0.33708084200000005,0.455937472,0.584103986,0.730867277,0.8105258120000001
Azerbaijan,1.303000855,1.328763827,1.293447027,1.248208997,1.212017404
"Bahamas, The",1.616713861,1.536224957,1.453715074,1.37024992,1.287833609
Bahrain,3.482175173,2.08850552,1.181525215,0.92227535,1.117650683
Bangladesh,1.172933905,1.199882864,1.216351172,1.214377385,1.198570972
Barbados,0.369889455,0.347930381,0.327257096,0.309958314,0.29422408699999997
Belarus,-0.17929657300000001,-0.09505202199999999,0.021130481,0.17942904199999998,0.315856232
Belgium,1.386849113,0.726031655,0.489184301,0.43183733799999996,0.48415211799999996
Belize,2.3307682919999997,2.256891106,2.198943059,2.159305277,2.132591267
Benin,2.7954576639999997,2.72747256,2.674807796,2.641076758,2.619974108
Bermuda,-0.8598980409999999,0.362431076,0.313281274,0.21230442600000002,0.147377147
Bhutan,1.6523702759999999,1.553599543,1.4584320419999999,1.3649452359999998,1.275735916
Bolivia,1.600245545,1.580226809,1.561845764,1.545278399,1.529800311
Bosnia and Herzegovina,-0.076895311,-0.10158303,-0.12770599400000002,-0.156496091,-0.187153386
Botswana,2.024220198,2.042259924,2.027669106,1.9756140569999998,1.898494963
Brazil,0.953765381,0.935181982,0.913687864,0.886360083,0.8550529490000001
British Virgin Islands,2.477951524,2.144825825,1.9003854930000001,1.7973643480000001,1.782232025
Brunei Darussalam,1.5493312080000001,1.507938953,1.4656123769999998,1.422402986,1.3785904919999998
Bulgaria,-0.6412289210000001,-0.579220596,-0.559647217,-0.568389264,-0.638069468
Burkina Faso,2.992039203,2.9604399,2.932567203,2.911018317,2.893466212
Burundi,3.418642812,3.358846017,3.316265,3.297803748,3.292392347
Cabo Verde,0.9700361590000001,1.1467663259999998,1.267316352,1.302061946,1.275336115
Cambodia,1.585249184,1.62554555,1.646993135,1.641596126,1.6163085130000001
Cameroon,2.533832071,2.526741623,2.515153215,2.498110306,2.477142121
Canada,0.987617711,1.1830238579999999,1.15590039,1.0980693879999999,0.863130607
Cayman Islands,1.9110396109999999,1.651191745,1.461744366,1.366353005,1.334595389
Central African Republic,1.914746267,1.936521675,1.9545372580000002,1.968283386,1.977644135
Chad,3.3244127289999996,3.334068973,3.328243395,3.3015950889999996,3.261297138
Channel Islands,0.566124134,0.526374244,0.49586776299999996,0.47930442,0.47457446299999995
Chile,1.088712405,1.082019205,1.071938836,1.057293581,1.0388774859999999
China,0.479150454,0.48723111799999996,0.493709634,0.506311592,0.508136747
Colombia,1.057897537,1.017448805,0.979265829,0.944004218,0.9108801959999999
Comoros,2.4426750669999997,2.440600902,2.428624816,2.404550925,2.372060539
"Congo, Dem. Rep.",3.206611698,3.1854222589999996,3.1669369310000004,3.15317545,3.141738113
"Congo, Rep.",2.701852333,2.570033801,2.491822399,2.486347213,2.528667516
Costa Rica,1.207437562,1.159669752,1.11714313,1.081430428,1.0505398190000002
Cote d'Ivoire,2.31975447,2.390461896,2.433577819,2.44243261,2.427516558
Croatia,,-0.305655945,-0.278509063,-0.407343185,-0.330505844
Cuba,0.136419273,0.16818878899999998,0.175061758,0.14604065900000002,0.09180158
Curacao,1.420897663,0.829929595,1.133678907,1.347641396,1.357566183
Cyprus,1.16731774,1.12728698,1.087570799,1.0461427429999999,1.004080092
Czech Republic,0.206747667,0.139925656,0.033169946,0.105277582,0.245505012
Denmark,0.411737855,0.37627224299999995,0.416901361,0.507053283,0.574710113
Djibouti,1.315333288,1.3295603,1.337333183,1.335093432,1.325049786
Dominica,0.329665233,0.395564054,0.445404035,0.46554889899999996,0.467519349
Dominican Republic,1.296441774,1.267432333,1.236747555,1.203986962,1.169842771
Ecuador,1.6112744019999998,1.5832915440000002,1.5560979169999998,1.530902125,1.506845985
"Egypt, Arab Rep.",2.106638179,2.211107117,2.254326174,2.218863304,2.129892119
El Salvador,0.27952191600000004,0.280768403,0.286321131,0.296162908,0.308591942
Equatorial Guinea,3.00206104,2.992522503,2.973587624,2.9425467239999996,2.9024604189999996
Eritrea,2.107928136,,,,
Estonia,-0.303582824,-0.357944411,-0.35589180299999995,-0.262256175,-0.19394320199999998
Ethiopia,2.589340241,2.562640856,2.535255744,2.50680866,2.47736063
Faroe Islands,-0.154545204,-0.20436607199999998,-0.208925969,-0.147130465,-0.045633687
Fiji,0.853949457,0.784506905,0.721402614,0.6749558859999999,0.640395308
Finland,0.463558707,0.47580948700000003,0.46072377299999995,0.413560208,0.37466947799999994
France,0.483644885,0.483982304,0.474516613,0.790901326,0.468770345
French Polynesia,1.037997767,1.0697135070000001,1.086578267,1.083477045,1.06054732
Gabon,2.267448678,2.2685658490000002,2.258907755,2.2362664469999998,2.204565449
"Gambia, The",3.2597513719999998,3.262697919,3.2539739560000003,3.231992692,3.201140871
Georgia,-1.307543305,-1.298719553,-1.2893219,-1.306162779,-1.296264437
Germany,0.025362127999999998,-1.691348956,2.1001571009999997,-1.410379527,0.530366451
Ghana,2.4805969180000003,2.441272627,2.397635733,2.350075661,2.3002318809999998
Gibraltar,1.084170557,1.072542257,1.0075811609999998,0.869475164,0.685211514
Greece,-0.147951277,-0.540752951,-0.725120807,-0.66611329,-0.632536106
Greenland,-0.026363197,-0.140721219,-0.577265865,-0.333398667,-0.322038549
Grenada,0.37473762200000005,0.38566441799999995,0.403069929,0.42120005200000005,0.446584284
Guam,0.8854312320000001,1.204346196,1.411308829,1.456149626,1.388170282
Guatemala,2.129043456,2.100666307,2.0737294630000003,2.048252145,2.023674003
Guinea,2.722621551,2.723327101,2.714271982,2.698294373,2.677072216
Guinea-Bissau,2.377167932,2.426886212,2.449486737,2.438527521,2.40417326
Guyana,0.334074633,0.333753421,0.345258441,0.375100609,0.416988961
Haiti,1.442333818,1.408851593,1.374736619,1.340572727,1.306576618
Honduras,1.554236301,1.493977504,1.4491960169999998,1.424638087,1.4140266559999999
"Hong Kong SAR, China",0.6725432920000001,1.166874383,0.458789964,0.7512579340000001,0.879887992
Hungary,-0.283360436,-0.5164376070000001,-0.275368757,-0.269378767,-0.22101201
Iceland,0.305468368,0.532100735,0.9458859000000001,1.112504755,1.044358627
India,1.328401097,1.285832037,1.2511906259999999,1.226730296,1.20929453
Indonesia,1.313747333,1.310610019,1.2939829440000001,1.260193359,1.214438403
"Iran, Islamic Rep.",1.245952092,1.28539455,1.2986599140000001,1.276545297,1.228136383
Iraq,3.18696753,3.362777672,3.4290818310000004,3.3612732660000004,3.208518261
Ireland,0.364213884,0.220500759,0.24816045399999997,0.41085101399999996,0.50719881
Isle of Man,0.876059347,0.83115294,0.793078976,0.7661813279999999,0.7466859920000001
Israel,1.8480778619999998,1.846151321,1.866052895,1.9195437990000002,1.9848688209999998
Italy,0.171978291,0.26954124,1.159251117,0.9175040959999999,0.021292655
Jamaica,0.33443048,0.294657238,0.253168707,0.216550537,0.197815357
Japan,-0.19752688399999999,-0.20032055899999998,-0.174866976,-0.162550166,-0.136430274
Jordan,3.652369096,3.40393502,3.102178673,2.751211309,2.377946955
Kazakhstan,1.429659402,1.408352557,1.4417854780000001,1.479722304,1.4635775780000002
Kenya,2.670896729,2.675206663,2.667037063,2.644121396,2.610792416
Kiribati,1.943045067,1.853500114,1.788450933,1.758837015,1.752455198
"Korea, Dem. People’s Rep.",0.5326616829999999,0.534447146,0.533043995,0.525083325,0.512315385
"Korea, Rep.",0.7441807140000001,0.450977411,0.42949412200000003,0.405959707,0.38220175
Kosovo,0.85666657,0.7921275109999999,0.712996115,-0.294473631,-0.86539806
Kuwait,5.707784116,5.419750887999999,4.966122256,4.3408509,3.636495117
Kyrgyz Republic,1.216890729,1.665236559,1.9847386669999998,2.006107899,2.060704678
Lao PDR,1.684702619,1.653329544,1.6385061769999998,1.6476769180000002,1.671083305
Latvia,-1.820767002,-1.240359153,-1.0710348029999999,-0.9417433540000001,-0.77246822
Lebanon,5.703105653,6.992350999,7.107568552,5.967518247999999,4.164439343
Lesotho,1.106171828,1.192157153,1.242893486,1.24688598,1.216964474
Liberia,3.025625055,2.674515489,2.44092428,2.367408337,2.4020052819999997
Libya,0.36569041700000005,-0.083502662,-0.277559486,-0.111824622,0.310335181
Liechtenstein,0.716908019,0.692780427,0.674515973,0.66195113,0.654933707
Lithuania,-2.258463899,-1.341201988,-1.012007368,-0.859827343,-0.7588483
Luxembourg,2.222660503,2.4015419,2.311176253,2.356978705,2.372590743
"Macao SAR, China",2.229984352,2.0066860440000003,1.8285864440000001,1.720506326,1.66315866
"Macedonia, FYR",0.166895571,0.163572988,0.158046763,0.148595745,0.136155385
Madagascar,2.803539277,2.79671094,2.790366962,2.783869737,2.776657016
Malawi,3.047170654,3.06305957,3.071306757,3.072287728,3.06701458
Malaysia,1.599788019,1.559092963,1.5163647690000002,1.4709524109999998,1.4245255140000002
Maldives,2.6883339389999996,2.099814684,2.0566277580000003,2.0151815440000003,2.015218235
Mali,3.063427622,2.980985575,2.934149407,2.933420467,2.96208132
Malta,0.423700885,0.7626965990000001,0.9299699570000001,0.938015995,0.924430449
Marshall Islands,0.215301744,0.23193044899999998,0.233288236,0.211952693,0.17942983899999998
Mauritania,2.5245542469999998,2.516014143,2.500002419,2.472382509,2.437266267
Mauritius,0.160140421,0.277321026,0.22039869199999998,0.18106146899999997,0.132433083
Mexico,1.462665986,1.407149514,1.358093141,1.321217635,1.292705197
"Micronesia, Fed. Sts.",-0.138100894,0.038648837000000005,0.194948767,0.313820879,0.399033642
Moldova,-0.057820587,-0.01311889,-0.026776865,-0.060970101,-0.063201891
Monaco,0.9293094409999999,0.576463195,0.330967045,0.25282444800000003,0.286647222
Mongolia,1.696651881,1.769808918,1.793956656,1.7575978369999998,1.6787907659999999
Montenegro,0.10504177199999999,0.084147408,0.09759963699999999,0.09702201099999999,0.09291126400000001
Morocco,1.312602228,1.380524206,1.410372655,1.390819379,1.3362324490000002
Mozambique,2.819347107,2.821898103,2.8134057919999997,2.790970183,2.7598413639999997
Myanmar,0.755643793,0.799532281,0.8338866,0.85196116,0.857130965
Namibia,2.098410617,2.272216201,2.3694162519999997,2.369479939,2.302676484
Nauru,0.17939012199999999,0.357817696,0.455356162,0.502439361,0.451025375
Nepal,1.122298988,1.175139555,1.208880727,1.213172492,1.1959409570000001
Netherlands,0.46642878200000004,0.370055035,0.294820793,0.359828173,0.423129432
New Caledonia,1.5873349159999999,1.949379468,1.5325970480000002,1.8832948330000001,1.8484814669999998
New Zealand,0.762479795,0.548220797,0.768347998,1.510339485,1.889045125
Nicaragua,1.213733585,1.185260958,1.16069741,1.141643124,1.126323245
Niger,3.93868617,3.986946865,4.018254883,4.029436517,4.026868931
Nigeria,2.689511557,2.692683733,2.6836509509999997,2.6604873330000003,2.628044353
Northern Mariana Islands,-1.169079743,0.150167089,1.0356212470000001,1.23975391,0.965239086
Norway,1.2971893909999999,1.313440989,1.2091415890000001,1.1277366770000001,1.1359481679999999
Oman,8.658861205,9.932044759,9.715497284,8.08855916,5.834030072999999
Pakistan,2.1098175059999997,2.1208473690000003,2.1197414180000003,2.103437242,2.075426376
Palau,0.662189585,0.725306598,0.78224754,0.847301337,0.9153597929999999
Panama,1.68365843,1.664034174,1.640475475,1.6121877340000001,1.5803473730000002
Papua New Guinea,2.21914588,2.171568012,2.12946144,2.094693178,2.06524682
Paraguay,1.341805404,1.347759774,1.346974638,1.334291611,1.31304732
Peru,1.306373763,1.331414618,1.339495248,1.32499896,1.294398755
Philippines,1.559517527,1.591573066,1.6058633690000002,1.5932532480000001,1.5620012890000001
Poland,0.053769709000000006,-0.00023907599999999999,-0.060360017,-0.074846229,-0.032208399
Portugal,-0.147084879,-0.40542178799999995,-0.548815211,-0.5391904670000001,-0.505203316
Puerto Rico,-1.156458431,-1.2101241809999999,-1.145847802,-1.632787941,-1.732256005
Qatar,7.627007888,5.621744627999999,4.162166517,3.312783791,2.8721724180000003
Romania,-0.491866213,-0.445177936,-0.37132306299999995,-0.37457549799999995,-0.38544266899999996
Russian Federation,0.077967098,0.16830159100000003,0.212923595,0.217632655,0.19258583699999998
Rwanda,2.520601215,2.441626839,2.381840853,2.35027091,2.336558276
Samoa,0.7524207909999999,0.7796284859999999,0.785153167,0.761315436,0.718308449
San Marino,0.804833318,0.7535054170000001,0.7000971640000001,0.64776526,0.586974672
Sao Tome and Principe,2.179951227,2.173789331,2.162635896,2.1458374719999997,2.1249266419999997
Saudi Arabia,2.453717424,2.428240616,2.3620470730000003,2.244392708,2.094772383
Senegal,3.0420764360000003,3.11852864,3.149652545,3.125624981,3.065259815
Seychelles,-2.628656355,0.98098019,1.7923859359999998,1.6547536980000002,1.627816736
Sierra Leone,2.276660808,2.246551474,2.220706908,2.189341169,2.154661413
Singapore,2.084902456,2.45339033,1.6193080990000002,1.298440178,1.1863769370000001
Slovak Republic,0.128936463,0.170183855,0.10745800900000001,0.09704542199999999,0.09962465
Slovenia,0.207732702,0.21002430600000002,0.135726229,0.098351922,0.086675197
Solomon Islands,2.15664129,2.1189409009999998,2.076577055,2.027864725,1.976249726
Somalia,2.320627603,2.287968435,2.310510236,2.399954384,2.530424963
South Africa,1.520981111,1.552241754,1.583825768,1.615744656,1.648009331
South Sudan,4.412208716,4.379338118,4.2190251739999995,3.915536494,3.535299267
Spain,0.355338396,0.064925963,-0.32766904,-0.29895105899999996,-0.13479780800000002
Sri Lanka,0.752702375,0.756871948,0.756045842,0.928664473,0.9344294940000001
St. Kitts and Nevis,1.226403601,1.2227292090000002,1.20611739,1.177184174,1.136499257
St. Lucia,1.05475149,0.895143802,0.779199691,0.732343757,0.734587346
St. Martin (French part),1.24898912,1.117366353,0.98035274,0.84721977,0.70792281
St. Vincent and the Grenadines,0.022866865,-0.006402195,-0.006402605,0.030180121,0.093226465
Sudan,2.199935755,2.12850184,2.10607592,2.1452695619999997,2.223139283
Suriname,1.017309413,0.968852816,0.925631735,0.895407485,0.874385787
Swaziland,1.6054511630000001,1.5740753580000002,1.526576224,1.466122343,1.3973175009999999
Sweden,0.7551501340000001,0.739763272,0.847348652,0.9922197290000001,1.0542400809999999
Switzerland,1.111878943,1.061819329,1.149879758,1.220103973,1.193619877
Syrian Arab Republic,-1.064665967,-2.5812302330000003,-3.3394475989999997,-2.8883012160000003,-1.449086486
Tajikistan,2.246224545,2.257101207,2.256120085,2.2422804640000003,2.217499154
Tanzania,3.178986665,3.18024412,3.17194552,3.1543694280000003,3.130185102
Thailand,0.315781584,0.389614385,0.426833946,0.406217867,0.344002136
Timor-Leste,4.938169461,2.51768206,2.671746667,2.678725623,2.678741046
Togo,2.7064644,2.695554347,2.67873238,2.6553193,2.6273134259999997
Tonga,0.42718903,0.36048824399999996,0.35253576200000003,0.424250251,0.55157963
Trinidad and Tobago,0.502839147,0.507330234,0.495275973,0.461979352,0.41295718299999995
Tunisia,1.19412,0.9668487020000001,1.006286187,1.00626446,1.006143013
Turkey,1.6548514019999998,1.795854989,1.81963886,1.6913193519999998,1.462404951
Turkmenistan,1.274608293,1.289346555,1.28969065,1.272383604,1.241770937
Turks and Caicos Islands,2.3406680840000003,2.191586694,2.05399924,1.90601644,1.759765737
Tuvalu,0.172843315,0.162403609,0.162140287,0.17198648600000002,0.232217783
Uganda,3.2963345580000003,3.274085878,3.2591510660000003,3.25376537,3.253313645
Ukraine,-0.359480081,-0.24709923,-0.22770475,-0.278913805,-0.363732732
United Arab Emirates,4.750832934,2.463139721,0.9719226470000001,0.509332471,0.776450801
United Kingdom,0.7816772890000001,0.6953158429999999,0.669533807,0.753349499,0.809355273
United States,0.7638500909999999,0.761807514,0.737405823,0.7806966059999999,0.7844226259999999
Uruguay,0.33124173,0.32858784,0.32965373600000003,0.338250791,0.35144906200000003
Uzbekistan,2.684015505,1.472099988,1.5619043330000002,1.686900359,1.7461753569999998
Vanuatu,2.332724587,2.2977303030000003,2.26389489,2.233477212,2.203953324
"Venezuela, RB",1.4784967830000002,1.43927434,1.402999946,1.3704753680000001,1.34061295
Vietnam,1.061609762,1.074219517,1.064362311,1.074206788,1.0687878659999999
Virgin Islands (U.S.),-0.455551575,-0.482330521,-0.512352796,-0.542826609,-0.573784692
"Yemen, Rep.",2.688890887,2.638108669,2.580375171,2.515593122,2.4467054719999997
Zambia,3.0156032489999998,3.0421389710000004,3.060273408,3.069640155,3.0718120669999998
Zimbabwe,1.995816152,2.15052321,2.257866817,2.307451177,2.3139582030000003
